AUC,AUC
statistic,pvalue
-12.268350650653222,1.5543477619022378e-34
