AUC,AUC
statistic,pvalue
-9.72045698088613,2.616955404280782e-22
