AUC,AUC
statistic,pvalue
-9.788844237188421,1.3360397754689066e-22
