AUC,AUC
statistic,pvalue
-11.249582188273344,2.5856922315873123e-29
