AUC,AUC
statistic,pvalue
1.0216243743283642e-06,0.99999918486698
