,,AUC,AUC
,,statistic,pvalue
resnet50,caffe,-10.587061397879987,3.717406719383482e-26
resnet50,caffe_center_crop,-8.474144802153242,2.450970331672699e-17
resnet50,vgg19,-9.869428511767886,6.014589781149809e-23
caffe,caffe_center_crop,2.085544077430632,0.03702651293292642
caffe,vgg19,0.6814235987771395,0.4956075952213921
caffe_center_crop,vgg19,-1.3985759059246936,0.16194825407328858
