,,AUC,AUC
,,statistic,pvalue
resnet50,caffe,10.109674302508079,5.3628978975801006e-24
resnet50,caffe_center_crop,12.0802583537114,1.5446034864326937e-33
resnet50,vgg19,9.72045698088613,2.616955404280782e-22
caffe,caffe_center_crop,1.9695858287603933,0.04889301789297297
caffe,vgg19,-0.3952859203849616,0.6926340799913944
caffe_center_crop,vgg19,-2.366049723235914,0.01798395489065698
