AUC,AUC
statistic,pvalue
2.085544077430632,0.03702651293292642
