AUC,AUC
statistic,pvalue
1.9695206579065072,0.04890049384785785
