AUC,AUC
statistic,pvalue
2.1111446598065733,0.03476631057660065
