AUC,AUC
statistic,pvalue
1.9695858287603933,0.04889301789297297
