AUC,AUC
statistic,pvalue
-5.647929528853717e-07,0.9999995493633502
