AUC,AUC
statistic,pvalue
1.266778585923339e-10,0.9999999998989264
