AUC,AUC
statistic,pvalue
6.825222548199187e-07,0.9999994554295681
