AUC,AUC
statistic,pvalue
1.2508331273231729e-06,0.999999001986043
