AUC,AUC
statistic,pvalue
-5.801369784235351e-07,0.9999995371206687
