AUC,AUC
statistic,pvalue
-6.808437817842928e-07,0.9999994567687871
