AUC,AUC
statistic,pvalue
1.4681668203337938e-06,0.9999988285799712
